,art,intensity_std,intensity_mean,phase_std,phase_mean,mod_std,mod_mean
0,Ahorn,0.05061995983123779,0.4552035331726074,0.06453773379325867,1.5793054103851318,0.17195649445056915,2.2892398834228516
